{"loss": [3.2110869884490967, 0.34319692850112915, 0.1954643279314041, 0.15467673540115356, 0.11825017631053925], "accuracy": [0.8677865862846375, 0.9284255504608154, 0.9529314637184143, 0.9604743123054504, 0.9688735008239746], "precision": [0.8724981546401978, 0.9432352781295776, 0.9634985327720642, 0.9671556949615479, 0.9742413759231567], "recall": [0.864393949508667, 0.9178524613380432, 0.945948600769043, 0.9553689360618591, 0.9654809236526489]}