{"loss": [6.586461067199707, 0.6587146520614624, 0.29891079664230347, 0.23418141901493073, 0.16671472787857056], "sparse_categorical_accuracy": [0.8796113133430481, 0.9120882749557495, 0.936429500579834, 0.9449275135993958, 0.958135724067688]}